

{
    "id" : "com.wahoofitness.fontTest2",
    
    "buttons" :
    {
        "buttonSouthWestTouched": "hardwarePageLeft",
        "buttonSouthEastTouched": "hardwarePageRight",
        "buttonNorthWestTouched": "",
        "buttonNorthEastTouched": ""
    },
    
    "pages": [
              {
              "key"    : "2UP",
              "hidden"  : 0,
              "elements": [
                           {
                           "type": "string",
                           "frame": [0,6,128,0],
                           "value": "abcdefgh",
                           "align": "left",
                           "font": 0,
                           "bold" : 1,
                           "key": "SIZE26-1"
                           },
                           {
                           "type": "string",
                           "frame": [0,31,128,0],
                           "value": "ABCDEFGH",
                           "align": "left",
                           "bold" : 1,
                           "font": 0,
                           "key": "SIZE26-1"
                           },
                           {
                           "type": "string",
                           "frame": [0,56,128,0],
                           "value": "ijklmnop",
                           "align": "left",
                           "bold" : 1,
                           "font": 0,
                           "key": "SIZE26-1"
                           },
                           {
                           "type": "string",
                           "frame": [0,81,128,0],
                           "value": "IJKLMNOP",
                           "align": "left",
                           "bold" : 1,
                           "font": 0,
                           "key": "SIZE26-1"
                           },
                           
                           
                           ]
              },
              {
              "key"    : "2UP",
              "hidden"  : 0,
              "elements": [
                           {
                           "type": "string",
                           "frame": [0,6,128,0],
                           "value": "abcdefgh",
                           "align": "left",
                           "font": 0,
                           "key": "SIZE26-1"
                           },
                           {
                           "type": "string",
                           "frame": [0,31,128,0],
                           "value": "ABCDEFGH",
                           "align": "left",
                           "font": 0,
                           "key": "SIZE26-1"
                           },
                           {
                           "type": "string",
                           "frame": [0,56,128,0],
                           "value": "ijklmnop",
                           "align": "left",
                           "font": 0,
                           "key": "SIZE26-1"
                           },
                           {
                           "type": "string",
                           "frame": [0,81,128,0],
                           "value": "IJKLMNOP",
                           "align": "left",
                           "font": 0,
                           "key": "SIZE26-1"
                           },
                           
                           
                           ]
              },
              {
              "key"    : "2UP",
              "hidden"  : 0,
              "elements": [
                           {
                           "type": "string",
                           "frame": [0,6,128,0],
                           "value": "qrstuv",
                           "align": "left",
                           "font": 0,
                           "key": "SIZE26-1"
                           },
                           {
                           "type": "string",
                           "frame": [0,31,128,0],
                           "value": "QRSTUV",
                           "align": "left",
                           "font": 0,
                           "key": "SIZE26-1"
                           },
                           {
                           "type": "string",
                           "frame": [0,56,128,0],
                           "value": "wxyz",
                           "align": "left",
                           "font": 0,
                           "key": "SIZE26-1"
                           },
                           {
                           "type": "string",
                           "frame": [0,81,128,0],
                           "value": "WXZ",
                           "align": "left",
                           "font": 0,
                           "key": "SIZE26-1"
                           },
                           
                           
                           ]
              },
              {
              "key"    : "2UP",
              "hidden"  : 0,
              "elements": [
                           {
                           "type": "string",
                           "frame": [0,2,128,0],
                           "value": "012345678",
                           "align": "left",
                           "font": 0,
                           "key": "SIZE26-1"
                           },
                           {
                           "type": "string",
                           "frame": [0,27,128,0],
                           "value": "9<=>?@[]^",
                           "align": "left",
                           "font": 0,
                           "key": "SIZE26-1"
                           },
                           {
                           "type": "string",
                           "frame": [0,52,128,0],
                           "value": "!#$%&'()",
                           "align": "left",
                           "font": 0,
                           "key": "SIZE26-1"
                           },
                           {
                           "type": "string",
                           "frame": [0,77,128,0],
                           "value": "*+,-.:;",
                           "align": "left",
                           "font": 0,
                           "key": "SIZE26-1"
                           },
                           {
                           "type": "string",
                           "frame": [0,102,128,0],
                           "value": ",_`{}|~",
                           "align": "left",
                           "font": 0,
                           "key": "SIZE26-1"
                           },
                           
                           
                           ]
              },
              {
              "key"    : "2UP",
              "hidden"  : 0,
              "elements": [
                           {
                           "type": "string",
                           "frame": [0,6,128,0],
                           "value": "abcdefgh",
                           "align": "left",
                           "font": 1,
                           "key": "SIZE26-1"
                           },
                           {
                           "type": "string",
                           "frame": [0,31,128,0],
                           "value": "ABCDEFGH",
                           "align": "left",
                           "font": 1,
                           "key": "SIZE26-1"
                           },
                           {
                           "type": "string",
                           "frame": [0,56,128,0],
                           "value": "ijklmnop",
                           "align": "left",
                           "font": 1,
                           "key": "SIZE26-1"
                           },
                           {
                           "type": "string",
                           "frame": [0,81,128,0],
                           "value": "IJKLMNOP",
                           "align": "left",
                           "font": 1,
                           "key": "SIZE26-1"
                           },
                           
                           
                           ]
              },
              {
              "key"    : "2UP",
              "hidden"  : 0,
              "elements": [
                           {
                           "type": "string",
                           "frame": [0,6,128,0],
                           "value": "qrstuv",
                           "align": "left",
                           "font": 1,
                           "key": "SIZE26-1"
                           },
                           {
                           "type": "string",
                           "frame": [0,31,128,0],
                           "value": "QRSTUV",
                           "align": "left",
                           "font": 1,
                           "key": "SIZE26-1"
                           },
                           {
                           "type": "string",
                           "frame": [0,56,128,0],
                           "value": "wxyz",
                           "align": "left",
                           "font": 1,
                           "key": "SIZE26-1"
                           },
                           {
                           "type": "string",
                           "frame": [0,81,128,0],
                           "value": "WXZ",
                           "align": "left",
                           "font": 1,
                           "key": "SIZE26-1"
                           },
                           
                           
                           ]
              },
              {
              "key"    : "2UP",
              "hidden"  : 0,
              "elements": [
                           {
                           "type": "string",
                           "frame": [0,2,128,0],
                           "value": "012345678",
                           "align": "left",
                           "font": 1,
                           "key": "SIZE26-1"
                           },
                           {
                           "type": "string",
                           "frame": [0,27,128,0],
                           "value": "9<=>?@[]^",
                           "align": "left",
                           "font": 1,
                           "key": "SIZE26-1"
                           },
                           {
                           "type": "string",
                           "frame": [0,52,128,0],
                           "value": "!#$%&'()",
                           "align": "left",
                           "font": 1,
                           "key": "SIZE26-1"
                           },
                           {
                           "type": "string",
                           "frame": [0,77,128,0],
                           "value": "*+,-.:;",
                           "align": "left",
                           "font": 1,
                           "key": "SIZE26-1"
                           },
                           {
                           "type": "string",
                           "frame": [0,102,128,0],
                           "value": ",_`{}|~",
                           "align": "left",
                           "font": 1,
                           "key": "SIZE26-1"
                           },
                           
                           
                           ]
              },
              {
              "key"    : "2UP",
              "hidden"  : 0,
              "elements": [
                           {
                           "type": "string",
                           "frame": [0,6,128,0],
                           "value": "01234",
                           "align": "center",
                           "font": 2,
                           "key": "SIZE26-1"
                           },
                           {
                           "type": "string",
                           "frame": [0,40,128,0],
                           "value": "56789",
                           "align": "center",
                           "font": 2,
                           "key": "SIZE26-2"
                           },
                           {
                           "type": "string",
                           "frame": [0,80,128,0],
                           "value": ". / - : , -",
                           "align": "center",
                           "font": 2,
                           "key": "SIZE26-3"
                           },
                           ]
              },
              {
              "key"    : "2UP",
              "hidden"  : 0,
              "elements": [
                           {
                           "type": "string",
                           "frame": [0,6,128,0],
                           "value": "012",
                           "align": "center",
                           "font": 2,
                           "key": "SIZE61"
                           },
                           {
                           "type": "string",
                           "frame": [0,70,128,0],
                           "value": "345",
                           "align": "center",
                           "font": 2,
                           "key": "SIZE61"
                           },
                           ]
              },
              {
              "key"    : "2UP",
              "hidden"  : 0,
              "elements": [
                           {
                           "type": "string",
                           "frame": [0,2,128,0],
                           "value": "678",
                           "align": "center",
                           "font": 2,
                           "key": "SIZE61"
                           },
                           {
                           "type": "string",
                           "frame": [0,66,128,0],
                           "value": "9:-",
                           "align": "center",
                           "font": 2,
                           "key": "SIZE61"
                           },
                           ]
              },
              {
              "key"    : "2UP",
              "hidden"  : 0,
              "elements": [
                           {
                           "type": "string",
                           "frame": [0,2,128,0],
                           "value": "./,",
                           "align": "center",
                           "font": 2,
                           "key": "SIZE61"
                           },
                           {
                           "type": "string",
                           "frame": [0,66,128,0],
                           "value": "45",
                           "align": "center",
                           "font": 2,
                           "key": "SIZE61"
                           },
                           ]
              },
              {
              "key"    : "2UP",
              "hidden"  : 0,
              "elements": [
                           {
                           "type": "rect",
                           "frame": [0,0, 128,128]
                           },
                           {
                           "type": "rect",
                           "frame": [0,64, 128,64]
                           },
                           {
                           "type": "string",
                           "frame": [5,5,118,10],
                           "value": "Size 10",
                           "align": "left",
                           "font": 0,
                           "key": "SIZE10"
                           },
                           {
                           "type": "string",
                           "frame": [0,15,128,0],
                           "value": "61",
                           "align": "center",
                           "font": 5,
                           "key": "SIZE61"
                           },
                           {
                           "type": "string",
                           "frame": [0,70,128,0],
                           "value": "048",
                           "align": "center",
                           "font": 4,
                           "key": "SIZE48"
                           },
                           ]
              },
              {
              "key"    : "3UP",
              "hidden"  : 0,
              "elements": [
                           {
                           "type": "rect",
                           "frame": [0,0, 128,128]
                           },
                           {
                           "type": "rect",
                           "frame": [0,64, 64,64]
                           },
                           {
                           "type": "rect",
                           "frame": [64,64,64,64]
                           },
                           {
                           "type": "string",
                           "frame": [5,5,118,10],
                           "value": "Size 10",
                           "align": "left",
                           "font": 0,
                           "key": "SIZE10"
                           },
                           {
                           "type": "string",
                           "frame": [0,15,128,0],
                           "value": "61",
                           "align": "center",
                           "font": 5,
                           "key": "SIZE61"
                           },
                           {
                           "type": "string",
                           "frame": [0,70,64,0],
                           "value": "33",
                           "align": "center",
                           "font": 3,
                           "key": "SIZE33"
                           },
                           {
                           "type": "string",
                           "frame": [64,70,64,0],
                           "value": "026",
                           "align": "center",
                           "font": 2,
                           "key": "SIZE26"
                           },
                           ]
              },
              {
              "key"    : "LOTS",
              "hidden"  : 0,
              "elements": [
                           {
                           "type": "rect",
                           "frame": [0,0, 128,128]
                           },
                           {
                           "type": "rect",
                           "frame": [0,64, 64,64]
                           },
                           {
                           "type": "rect",
                           "frame": [64,64,64,64]
                           },
                           {
                           "type": "string",
                           "frame": [5,3,118,10],
                           "value": "SIZE 10 SIZE10",
                           "align": "left",
                           "font": 0,
                           "key": "SIZE10"
                           },
                           {
                           "type": "string",
                           "frame": [0,15,128,0],
                           "value": "0:26:26",
                           "align": "center",
                           "font": 2,
                           "key": "SIZE26LONG"
                           },
                           {
                           "type": "string",
                           "frame": [0,32,128,0],
                           "value": "33:33",
                           "align": "center",
                           "font": 3,
                           "key": "SIZE33LONG"
                           },
                           {
                           "type": "string",
                           "frame": [0,65,64,0],
                           "value": "2.6",
                           "align": "center",
                           "font": 2,
                           "key": "SIZE26DEC"
                           },
                           {
                           "type": "string",
                           "frame": [0,93,64,0],
                           "value": "33",
                           "align": "center",
                           "font": 3,
                           "key": "SIZE33"
                           },
                           {
                           "type": "string",
                           "frame": [64,65,64,0],
                           "value": "0019",
                           "align": "center",
                           "font": 1,
                           "key": "SIZE19"
                           },
                           {
                           "type": "string",
                           "frame": [64,93,64,0],
                           "value": "026",
                           "align": "center",
                           "font": 2,
                           "key": "SIZE26"
                           },
                           ]
              },
              ]
}
