

{
    "id" : "com.wahoofitness.standardConfig4",
    
    "buttons" :
    {
        "buttonSouthWestTouched": "",
        "buttonSouthEastTouched": "",
        "buttonNorthWestTouched": "hardwarePageLeft",
        "buttonNorthEastTouched": "hardwarePageRight"
    },
    
    "pages": [
              {
              "key"    : "WorkoutPage",
              "hidden"  : 0,
              "elements": [
                           {
                           "type": "rect",
                           "frame": [0,0, 128,128]
                           },
                           {
                           "type": "rect",
                           "frame": [0,0, 128,20]
                           },
                           {
                           "type": "rect",
                           "frame": [0,70,128,58]
                           },
                           {
                           "type": "rect",
                           "frame": [64,70,64,58]
                           },
                           {
                           "type": "string",
                           "frame": [64,32,0,0],
                           "value": "00:00",
                           "align": 1,
                           "font": 2,
                           "key": "WorkoutRunningTimeString"
                           },
                           {
                           "type" : "group",
                           "key" : "Heartrate",
                           "frame": [5,72,100,20],
                           "elements" : [
                                         {
                                         "type": "string",
                                         "frame": [32,92,0,0],
                                         "value": "0",
                                         "align": 1,
                                         "font": 2,
                                         "key": "ValueString"
                                         },
                                         {
                                         "type": "bitmap",
                                         "frame": [5,72,18,18],
                                         "value": "//////////////////////////////8HoAD9D37QC//0D//xD///D//S/3/4v/T/4f8v+IL//x9F////C/7/////////////////////////",
                                         "key": "IconBitmap",
                                         },
                                         ]
                           },
                           {
                           "type": "string",
                           "frame": [96,92,0,0],
                           "value": "0",
                           "align": 1,
                           "font": 2,
                           "key": "SpeedInstantString"
                           },
                           {
                           "type": "bitmap",
                           "frame": [69,70,18,18],
                           "transparentColor" : "White",
                           "value" : "/////////////////////////////////////wZA/v9H/kL/H/6L0v/0G3z8Ty/Qx/8AAAD8////////////////////////////////////",
                           "key": "SpeedInstantBitmap"
                           },
                           {
                           "type": "string",
                           "frame": [25,5,103,10],
                           "value": "Tool - My Name Is!",
                           "align": 0,
                           "font": 0,
                           "key": "MusicTrackString"
                           },
                           {
                           "type": "bitmap",
                           "frame": [5,2,18,18],
                           "value": "/////////////////////////68VwP//AAD8/w+Vxv//9H/8/0//x///9Gv8/0YfwP8D9AD9L4C//v/v////////////////////////////",
                           "key": "MusicBitmap",
                           },
                           
                           ]
              },
              {
              "key"    : "WorkoutPage",
              "hidden"  : 0,
              "elements": [
                           {
                           "type": "rect",
                           "frame": [0,0, 128,128]
                           },
                           {
                           "type": "rect",
                           "frame": [0,0, 128,20]
                           },
                           {
                           "type": "rect",
                           "frame": [0,70,128,58]
                           },
                           {
                           "type": "rect",
                           "frame": [64,70,64,58]
                           },
                           {
                           "type": "string",
                           "frame": [64,32,0,0],
                           "value": "00:00",
                           "align": 1,
                           "font": 2,
                           "key": "WorkoutRunningTimeString"
                           },
                           {
                           "type" : "group",
                           "key" : "Heartrate",
                           "frame": [5,72,100,20],
                           "elements" : [
                                         {
                                         "type": "string",
                                         "frame": [32,92,0,0],
                                         "value": "0",
                                         "align": 1,
                                         "font": 2,
                                         "key": "ValueString"
                                         },
                                         {
                                         "type": "bitmap",
                                         "frame": [5,72,18,18],
                                         "value": "//////////////////////////////8HoAD9D37QC//0D//xD///D//S/3/4v/T/4f8v+IL//x9F////C/7/////////////////////////",
                                         "key": "IconBitmap",
                                         },
                                         ]
                           },
                           {
                           "type": "string",
                           "frame": [96,92,0,0],
                           "value": "0",
                           "align": 1,
                           "font": 2,
                           "key": "SpeedInstantString"
                           },
                           {
                           "type": "bitmap",
                           "frame": [69,70,18,18],
                           "transparentColor" : "White",
                           "value" : "/////////////////////////////////////wZA/v9H/kL/H/6L0v/0G3z8Ty/Qx/8AAAD8////////////////////////////////////",
                           "key": "SpeedInstantBitmap"
                           },
                           {
                           "type": "string",
                           "frame": [25,5,103,10],
                           "value": "Tool - My Name Is!",
                           "align": 0,
                           "font": 0,
                           "key": "MusicTrackString"
                           },
                           {
                           "type": "bitmap",
                           "frame": [5,2,18,18],
                           "value": "/////////////////////////68VwP//AAD8/w+Vxv//9H/8/0//x///9Gv8/0YfwP8D9AD9L4C//v/v////////////////////////////",
                           "key": "MusicBitmap",
                           },
                           
                           ]
              },
              {
              "key"    : "WorkoutPage",
              "hidden"  : 0,
              "elements": [
                           {
                           "type": "rect",
                           "frame": [0,0, 128,128]
                           },
                           {
                           "type": "rect",
                           "frame": [0,0, 128,20]
                           },
                           {
                           "type": "rect",
                           "frame": [0,70,128,58]
                           },
                           {
                           "type": "rect",
                           "frame": [64,70,64,58]
                           },
                           {
                           "type": "string",
                           "frame": [64,32,0,0],
                           "value": "00:00",
                           "align": 1,
                           "font": 2,
                           "key": "WorkoutRunningTimeString"
                           },
                           {
                           "type" : "group",
                           "key" : "Heartrate",
                           "frame": [5,72,100,20],
                           "elements" : [
                                         {
                                         "type": "string",
                                         "frame": [32,92,0,0],
                                         "value": "0",
                                         "align": 1,
                                         "font": 2,
                                         "key": "ValueString"
                                         },
                                         {
                                         "type": "bitmap",
                                         "frame": [5,72,18,18],
                                         "value": "//////////////////////////////8HoAD9D37QC//0D//xD///D//S/3/4v/T/4f8v+IL//x9F////C/7/////////////////////////",
                                         "key": "IconBitmap",
                                         },
                                         ]
                           },
                           {
                           "type": "string",
                           "frame": [96,92,0,0],
                           "value": "0",
                           "align": 1,
                           "font": 2,
                           "key": "SpeedInstantString"
                           },
                           {
                           "type": "bitmap",
                           "frame": [69,70,18,18],
                           "transparentColor" : "White",
                           "value" : "/////////////////////////////////////wZA/v9H/kL/H/6L0v/0G3z8Ty/Qx/8AAAD8////////////////////////////////////",
                           "key": "SpeedInstantBitmap"
                           },
                           {
                           "type": "string",
                           "frame": [25,5,103,10],
                           "value": "Tool - My Name Is!",
                           "align": 0,
                           "font": 0,
                           "key": "MusicTrackString"
                           },
                           {
                           "type": "bitmap",
                           "frame": [5,2,18,18],
                           "value": "/////////////////////////68VwP//AAD8/w+Vxv//9H/8/0//x///9Gv8/0YfwP8D9AD9L4C//v/v////////////////////////////",
                           "key": "MusicBitmap",
                           },
                           
                           ]
              },
              {
              "key"    : "WorkoutPage",
              "hidden"  : 0,
              "elements": [
                           {
                           "type": "rect",
                           "frame": [0,0, 128,128]
                           },
                           {
                           "type": "rect",
                           "frame": [0,0, 128,20]
                           },
                           {
                           "type": "rect",
                           "frame": [0,70,128,58]
                           },
                           {
                           "type": "rect",
                           "frame": [64,70,64,58]
                           },
                           {
                           "type": "string",
                           "frame": [64,32,0,0],
                           "value": "00:00",
                           "align": 1,
                           "font": 2,
                           "key": "WorkoutRunningTimeString"
                           },
                           {
                           "type" : "group",
                           "key" : "Heartrate",
                           "frame": [5,72,100,20],
                           "elements" : [
                                         {
                                         "type": "string",
                                         "frame": [32,92,0,0],
                                         "value": "0",
                                         "align": 1,
                                         "font": 2,
                                         "key": "ValueString"
                                         },
                                         {
                                         "type": "bitmap",
                                         "frame": [5,72,18,18],
                                         "value": "//////////////////////////////8HoAD9D37QC//0D//xD///D//S/3/4v/T/4f8v+IL//x9F////C/7/////////////////////////",
                                         "key": "IconBitmap",
                                         },
                                         ]
                           },
                           {
                           "type": "string",
                           "frame": [96,92,0,0],
                           "value": "0",
                           "align": 1,
                           "font": 2,
                           "key": "SpeedInstantString"
                           },
                           {
                           "type": "bitmap",
                           "frame": [69,70,18,18],
                           "transparentColor" : "White",
                           "value" : "/////////////////////////////////////wZA/v9H/kL/H/6L0v/0G3z8Ty/Qx/8AAAD8////////////////////////////////////",
                           "key": "SpeedInstantBitmap"
                           },
                           {
                           "type": "string",
                           "frame": [25,5,103,10],
                           "value": "Tool - My Name Is!",
                           "align": 0,
                           "font": 0,
                           "key": "MusicTrackString"
                           },
                           {
                           "type": "bitmap",
                           "frame": [5,2,18,18],
                           "value": "/////////////////////////68VwP//AAD8/w+Vxv//9H/8/0//x///9Gv8/0YfwP8D9AD9L4C//v/v////////////////////////////",
                           "key": "MusicBitmap",
                           },
                           
                           ]
              },
            {
              "key"    : "WorkoutPage",
              "hidden"  : 0,
              "elements": [
                           {
                           "type": "rect",
                           "frame": [0,0, 128,128]
                           },
                           {
                           "type": "rect",
                           "frame": [0,0, 128,20]
                           },
                           {
                           "type": "rect",
                           "frame": [0,70,128,58]
                           },
                           {
                           "type": "rect",
                           "frame": [64,70,64,58]
                           },
                           {
                           "type": "string",
                           "frame": [64,32,0,0],
                           "value": "00:00",
                           "align": 1,
                           "font": 2,
                           "key": "WorkoutRunningTimeString"
                           },
                           {
                           "type" : "group",
                           "key" : "Heartrate",
                           "frame": [5,72,100,20],
                           "elements" : [
                                         {
                                         "type": "string",
                                         "frame": [32,92,0,0],
                                         "value": "0",
                                         "align": 1,
                                         "font": 2,
                                         "key": "ValueString"
                                         },
                                         {
                                         "type": "bitmap",
                                         "frame": [5,72,18,18],
                                         "value": "//////////////////////////////8HoAD9D37QC//0D//xD///D//S/3/4v/T/4f8v+IL//x9F////C/7/////////////////////////",
                                         "key": "IconBitmap",
                                         },
                           ]
                           },
                           {
                           "type": "string",
                           "frame": [96,92,0,0],
                           "value": "0",
                           "align": 1,
                           "font": 2,
                           "key": "SpeedInstantString"
                           },
                           {
                           "type": "bitmap",
                           "frame": [69,70,18,18],
                           "transparentColor" : "White",
                           "value" : "/////////////////////////////////////wZA/v9H/kL/H/6L0v/0G3z8Ty/Qx/8AAAD8////////////////////////////////////",
                           "key": "SpeedInstantBitmap"
                           },
                           {
                           "type": "string",
                           "frame": [25,5,103,10],
                           "value": "Tool - My Name Is!",
                           "align": 0,
                           "font": 0,
                           "key": "MusicTrackString"
                           },
                           {
                           "type": "bitmap",
                           "frame": [5,2,18,18],
                           "value": "/////////////////////////68VwP//AAD8/w+Vxv//9H/8/0//x///9Gv8/0YfwP8D9AD9L4C//v/v////////////////////////////",
                           "key": "MusicBitmap",
                           },
                           
                           ]
              },
              {
              "key"    : "SegmentPage",
              "hidden"  : 1,
              "elements": [
                           {
                           "type": "rect",
                           "frame": [0,0, 128,128]
                           },
                           {
                           "type": "string",
                           "frame": [64,44,0,0],
                           "value": "KOM !",
                           "align": 1,
                           "font": 0,
                           "key": "MessageString"
                           },
                           {
                           "type": "string",
                           "frame": [64,64,0,0],
                           "value": "Chip Hawkins",
                           "align": 1,
                           "font": 0,
                           "key": "AthleteNameString"
                           },
                           {
                           "type": "string",
                           "frame": [64,84,0,0],
                           "value": "14:40 min",
                           "align": 1,
                           "font": 0,
                           "key": "ResultTimeString"
                           },
                           ]
              },

              ]
}
